wikidata_id_a,wikidata_id_b,trec_id
Q7315762,Q220910,20002
Q112109147,Q317441,20016
Q1899429,Q2623912,20032
Q1776663,Q1704704,20065
Q5298807,Q5097982,20076
Q8052781,Q6467234,20099
Q43084,Q2623912,20130
Q16796542,Q169357,20131
Q7978194,Q7216332,20141
Q3553090,Q2623912,20142
Q428363,Q74304,20161
Q189603,Q2623912,20174
Q186290,Q2623912,20175
Q199602,Q101991,20188
Q65117495,Q430100,20191
Q2723740,Q1966857,20255
Q11995,Q259516,20286
Q472902,Q2630687,20298
Q189533,Q15751964,20308
Q5888995,Q7317724,20323
Q16157603,Q7247905,20340
Q1172927,Q7142812,20382
Q207902,Q193036,20396
Q44294,Q2623912,20405
Q20962709,Q28153896,20428
Q347044,Q2623912,20437
Q229041,Q5097982,20446
Q626981,Q4642426,20449
Q1774421,Q36539,20457
Q343644,Q6534968,20460
Q3403879,Q5097982,20493
Q22286317,Q2623912,20495
Q298610,Q630533,20496
Q7918340,Q113677740,20511
Q30,Q104857390,20521
Q20714043,Q2623912,20528
Q25036972,Q282228,20540
Q5295418,Q2623912,20564
Q16148367,Q2623912,20565
Q1454,Q683595,20569
Q1558858,Q2623912,20571
Q4373126,Q2623912,20580
Q15716777,Q811596,20584
Q488415,Q16863733,20592
Q191081,Q6042385,20593
Q79521,Q2603108,20625
Q11696,Q9588,20644
Q263084,Q2630687,20678
Q362,Q402820,20681
Q3667317,Q686980,20690
Q234901,Q2623912,20701
Q401095,Q7247905,20715
Q27898601,Q2623912,20759
Q7171523,Q359495,20779
Q16864543,Q245353,20781
Q500,Q1810735,20803
Q9158,Q3344505,20812
Q158033,Q1538499,20816
Q841236,Q2623912,20850
Q16857188,Q7888423,20852
Q978659,Q2623912,20864
Q98380633,Q16863733,20869
Q28451677,Q461809,20924
Q1200742,Q15604660,20928
Q188,Q27968,20932
Q108532574,Q2623912,20936
Q40858,Q1195410,20937
Q18189,Q16863733,20946
Q115686881,Q2623912,20949
Q527905,Q259516,20957
Q6140833,Q161701,20964
Q5377348,Q1195410,20968
Q150,Q6534968,20970
Q387850,Q2623912,20991
Q12128,Q193894,21007
Q111937346,Q1220225,21012
Q772260,Q96,21034
Q1997853,Q2623912,21048
Q413589,Q7247905,21057
Q877054,Q38918,21152
Q4698924,Q2623912,21164
Q207522,Q2623912,21178
Q1538499,Q2630687,21193
Q234252,Q2623912,21201
Q108735969,Q28153896,21217
Q275157,Q5572348,21239
Q1412867,Q1067738,21244
Q3003209,Q2333935,21289
Q1301371,Q1523025,21322
Q918867,Q6534968,21324
Q356707,Q908833,21336
Q466,Q2623912,21355
Q5183784,Q512599,21398
Q234252,Q2,21432
Q60786544,Q1397560,21436
Q1543874,Q16863733,21446
Q309252,Q2623912,21486
Q28153896,Q2623912,21533
Q23397,Q9200,21548
Q541892,Q932586,21554
Q4809093,Q61875850,21583
Q18659,Q388338,21594
Q30,Q9217334,21595
Q48525,Q2992652,21612
Q16879561,Q269365,21673
Q10928179,Q433505,21686
Q3153794,Q1339409,21749
Q188628,Q174876,21786
Q408123,Q5097982,21788
Q4102202,Q193894,21792
Q69897,Q99,21800
Q2296401,Q1194697,21801
Q190927,Q2623912,21826
Q16874683,Q400779,21837
Q3505394,Q2623912,21847
Q6140833,Q1542839,21863
Q2586912,Q259516,21878
Q4116200,Q7215843,21893
Q1109680,Q7142812,21901
Q486803,Q16863733,21906
Q17059311,Q2623912,21924
Q964860,Q5060537,21946
Q683595,Q3238071,21972
Q159421,Q2630687,21973
Q19919644,Q82494,21977
Q6248768,Q2623912,22014
Q1080794,Q99,22019
Q16984423,Q3933280,22056
Q20683942,Q179399,22071
Q5690825,Q3505712,22084
Q1301371,Q2623912,22091
Q112109147,Q317441,22102
Q3184856,Q2623912,22116
Q231478,Q16613531,22122
Q7439043,Q7309790,22124
Q108144643,Q99,22137
Q11068,Q15100200,22159
Q244878,Q430100,22167
Q397547,Q2623912,22170
Q85741666,Q2623912,22178
Q264943,Q816,22188
Q261215,Q414650,22205
Q3908516,Q419342,22232
Q433505,Q2623912,22250
Q193237,Q244755,22254
Q1145933,Q104857390,22267
Q48525,Q1397560,22268
Q2233817,Q5172799,22278
Q160642,Q399189,22291
Q1374831,Q2623912,22293
Q1213044,Q832560,22316
Q3238071,Q1810735,22330
Q22043714,Q7309790,22349
Q162668,Q16863733,22380
Q4986438,Q2630687,22389
Q16882165,Q2623912,22407
Q152074,Q2630687,22442
Q424299,Q7247905,22445
Q11229,Q24915087,22472
Q7572487,Q2623912,22473
Q498335,Q1195410,22491
Q49223,Q2623912,22492
Q2624848,Q6534968,22508
Q561162,Q245353,22530
Q2310379,Q5174734,22571
Q417940,Q351791,22579
Q7598272,Q415137,22611
Q156562,Q2623912,22616
Q7485058,Q512599,22621
Q6888445,Q2623912,22624
Q111950379,Q3317402,22637
Q111165792,Q189533,22678
Q7978194,Q2623912,22681
Q7257959,Q2623912,22721
Q425381,Q2639721,22741
Q205326,Q512599,22749
Q226595,Q482618,22760
Q9739,Q6534968,22808
Q28153896,Q174876,22822
Q1397560,Q7598303,22846
Q238536,Q7644314,22851
Q85741666,Q3808900,22870
Q16984423,Q2623912,22873
Q397234,Q1091190,22885
Q816,Q1091190,22893
Q11995,Q7272708,22903
Q7835440,Q2623912,22929
Q409411,Q107394799,22932
Q618996,Q104969991,22939
Q5933823,Q250216,22950
Q10928179,Q2623912,22964
Q182925,Q166816,22973
Q191600,Q1195410,22974
Q1060535,Q364473,22997
Q2358125,Q74304,23005
Q336191,Q2630687,23013
Q226571,Q648666,23017
Q48263,Q1211457,23068
Q2662695,Q207822,23084
Q3276013,Q161491,23099
Q650927,Q1195410,23102
Q644678,Q16863733,23111
Q7212330,Q259516,23114
Q5628063,Q2623912,23153
Q21646399,Q7247905,23159
Q215210,Q1066061,23165
Q1058617,Q7257959,23167
Q1196456,Q1210094,23179
Q419342,Q2623912,23196
Q60097,Q2623912,23197
Q246899,Q5260774,23198
Q1070699,Q1374831,23204
Q22063662,Q7485058,23213
Q225856,Q2623912,23226
Q23397,Q6534968,23238
Q4877642,Q3933280,23249
Q415873,Q7404297,23251
Q112109147,Q9739,23252
Q2519192,Q142153,23255
Q190122,Q169357,23258
Q759508,Q99,23262
Q424293,Q3933280,23265
Q82990,Q13415025,23279
Q2344518,Q30892864,23295
Q724771,Q1091190,23317
Q98149276,Q11995,23342
Q419417,Q2623912,23381
Q527905,Q5467169,23394
Q11661,Q6508642,23408
Q1193158,Q2623912,23421
Q786125,Q2630687,23438
Q27957469,Q25588330,23450
Q1456064,Q2623912,23456
Q2065966,Q7759779,23467
Q20988424,Q1603,23472
Q60786544,Q2623912,23475
Q821413,Q1047702,23507
Q5183784,Q1091190,23510
Q193606,Q3454706,23528
Q8026812,Q1462168,23533
Q129238,Q419342,23556
Q5696944,Q1377575,23565
Q4698924,Q243973,23568
Q1056396,Q17949,23572
Q6422639,Q7247905,23577
Q36747,Q142153,23606
Q367036,Q2623912,23626
Q113677740,Q1195410,23630
Q4925898,Q12171,23637
Q36539,Q2623912,23638
Q170177,Q142153,23640
Q512778,Q356707,23644
Q683595,Q74304,23655
Q1575,Q2623912,23667
Q5928826,Q142153,23680
Q81841,Q133279,23704
Q7423061,Q1261,23725
Q495075,Q7404297,23728
Q219707,Q872745,23748
Q3661655,Q5097982,23772
Q3404233,Q189603,23780
Q226811,Q2630687,23783
Q366548,Q1195410,23786
Q131755,Q1741331,23816
Q7884994,Q5097982,23835
Q2922711,Q4122130,23860
Q228736,Q7247898,23863
Q191924,Q2623912,23865
Q2310379,Q6888445,23867
Q50008,Q380675,23876
Q191081,Q2623912,23877
Q96404773,Q2623912,23883
Q37525,Q1195410,23907
Q20962709,Q2623912,23908
Q227502,Q1334327,23913
Q1295678,Q1415,23931
Q53536,Q142153,23940
Q903006,Q1141459,23944
Q6491658,Q2623912,23973
Q6499047,Q2623912,23981
Q7136799,Q300968,24006
Q153025,Q6534968,24033
Q760125,Q2630687,24035
Q399644,Q15813953,24039
Q108144643,Q1195410,24043
Q512778,Q1553,24054
Q15053442,Q112339525,24085
Q345885,Q2623912,24101
Q362,Q2658255,24105
Q2297303,Q3634419,24110
Q7918340,Q2623912,24130
Q419342,Q7142812,24132
Q412284,Q259516,24166
Q189758,Q296872,24176
Q5757701,Q2623912,24179
Q2379469,Q2623912,24187
Q512065,Q1649,24193
Q65068949,Q680909,24198
Q18659,Q58185346,24213
Q6499047,Q65533608,24230
Q366262,Q1537,24236
Q24022978,Q107394799,24239
Q16874683,Q2623912,24257
Q6663463,Q624036,24267
Q96373707,Q5097982,24287
Q45578,Q2623912,24301
Q2233817,Q99,24309
Q11135,Q2623912,24313
Q200383,Q2630687,24322
Q4764990,Q2623912,24329
Q161701,Q5097982,24334
Q107370149,Q7404297,24363
Q48525,Q294308,24377
Q466,Q2623912,24381
Q65067393,Q2623912,24383
Q4791298,Q53640989,24387
Q2429253,Q851,24404
Q22063662,Q2630687,24411
Q419176,Q7404297,24416
Q854022,Q1397560,24417
Q356707,Q1454,24433
Q2368531,Q1904,24457
Q58185346,Q7914465,24474
Q23397,Q65068949,24479
Q16995471,Q346195,24483
Q190771,Q2623912,24498
Q7835440,Q388476,24499
Q6199411,Q1581,24503
Q444195,Q516156,24518
Q15277,Q7302587,24524
Q18659,Q34404,24530
Q1071027,Q1374831,24531
Q96376061,Q245353,24534
Q367036,Q2623912,24583
Q255983,Q1210094,24586
Q7979081,Q1961165,24600
Q617969,Q7309790,24611
Q2085376,Q6534968,24613
Q74325,Q561162,24614
Q41171,Q1415,24632
Q18084696,Q852163,24635
Q37038,Q2623912,24680
Q433505,Q2623912,24695
Q1771699,Q16863733,24748
Q844935,Q35805,24753
Q85758606,Q7423376,24770
Q1974312,Q259516,24775
Q16864543,Q26963239,24785
Q40629,Q2623912,24849
Q11229,Q668,24879
Q5628063,Q2623912,24915
Q58185346,Q7069477,24937
Q7571373,Q7257959,24981
Q5635961,Q177597,24991
Q110470125,Q3786521,25015
Q1132760,Q599007,25052
Q149079,Q1195410,25085
Q82728,Q2623912,25096
Q2630687,Q142153,25098
Q2601061,Q7247905,25113
Q2249676,Q1195410,25119
Q144,Q482618,25135
Q55,Q2623912,25137
Q2654207,Q12125,25145
Q958731,Q16863733,25159
Q6140833,Q3317402,25163
Q82001,Q2623912,25171
Q7215843,Q2623912,25186
Q55235562,Q7247905,25190
Q10928179,Q482618,25206
Q6266471,Q2623912,25229
Q11995,Q817281,25241
Q108532574,Q86665730,25243
Q683563,Q1810735,25257
Q450590,Q908833,25266
Q2576280,Q17129867,25314
Q632327,Q1195410,25316
Q50832308,Q7309790,25338
Q538111,Q1261,25351
Q108144643,Q872745,25370
Q16,Q74304,25376
Q594712,Q2623912,25377
Q37260,Q16882004,25381
Q114567855,Q2998875,25388
Q26830865,Q2623912,25400
Q362561,Q1704704,25417
Q305454,Q183,25419
Q58185346,Q2813992,25434
Q1049885,Q125466,25454
Q318730,Q6534968,25457
Q809938,Q2623912,25498
Q5174734,Q1145896,25539
Q683563,Q2623912,25545
Q825,Q897,25574
Q16746066,Q1195410,25590
Q14651385,Q11123,25591
Q1810735,Q7317724,25597
Q260521,Q169357,25626
Q107639374,Q273016,25639
Q1076968,Q5140121,25647
Q39825,Q2623912,25676
Q759508,Q1227,25679
Q1185129,Q2193887,25704
Q512778,Q356707,25782
Q185675,Q115178805,25786
Q28153896,Q1393,25791
Q1301371,Q2623912,25826
Q142021,Q6534968,25827
Q4577,Q2623912,25831
Q11995,Q1045982,25848
Q11655231,Q2499228,25864
Q37525,Q1195410,25870
Q3238071,Q2630687,25885
Q12126893,Q685744,25923
Q1374831,Q2623912,25926
Q3661655,Q482618,25927
Q1454,Q404583,25928
Q14075,Q227720,25931
Q33486,Q28153896,25939
Q357546,Q3109175,25944
Q96407993,Q2623912,25951
Q837710,Q2143008,26007
Q626981,Q2623912,26010
Q683595,Q96407993,26024
Q7485058,Q2630687,26025
Q27898601,Q502132,26050
Q6499047,Q26715319,26055
Q1776056,Q2623912,26056
Q599425,Q2900682,26057
Q250,Q2623912,26063
Q7441656,Q2623912,26085
Q5275608,Q245353,26105
Q648666,Q205257,26117
Q118417,Q581105,26150
Q2836947,Q771296,26151
Q11995,Q259516,26177
Q7250082,Q1195410,26191
Q107639374,Q1195410,26215
Q15692657,Q16863733,26234
Q317441,Q1269144,26242
Q96377285,Q2623912,26259
Q7574839,Q16863733,26260
Q5773941,Q142153,26292
Q786803,Q700875,26293
Q281099,Q1536448,26294
Q7836908,Q131755,26310
Q497976,Q254615,26323
Q108144643,Q1810735,26354
Q5539407,Q16863733,26363
Q1656136,Q512778,26365
Q85797355,Q1997,26376
Q2723740,Q2630687,26384
Q8383492,Q1588,26417
Q1410517,Q28369986,26445
Q215292,Q1091190,26449
Q645938,Q7888423,26454
Q423828,Q99,26482
Q367408,Q2623912,26494
Q1080794,Q2623912,26536
Q7404297,Q850210,26540
Q560,Q7539892,26541
Q11650,Q2623912,26553
Q346195,Q1415,26580
Q953515,Q3409626,26609
Q58185346,Q2630687,26634
Q412284,Q13415025,26644
Q231478,Q113536206,26660
Q222903,Q2623912,26670
Q924713,Q1195410,26671
Q266541,Q16863733,26672
Q4577,Q104858363,26682
Q48525,Q1397560,26695
Q703,Q23852,26696
Q6508642,Q720829,26723
Q9479,Q59197159,26730
Q93189,Q21072042,26765
Q4577,Q1553,26772
Q2998875,Q111945786,26775
Q111950379,Q2623912,26776
Q231000,Q2623912,26785
Q188770,Q2296401,26804
Q8460097,Q30,26806
Q30258,Q414519,26823
Q657588,Q142153,26835
Q1561771,Q512599,26847
Q11661,Q2623912,26852
Q650812,Q2623912,26871
Q832491,Q96,26905
Q669480,Q1195410,26912
Q790686,Q2623912,26921
Q1210094,Q1751574,26967
Q1374831,Q2623912,26971
Q5,Q161701,26973
Q578082,Q4698924,26975
Q19824781,Q7895,26995
Q1041292,Q16863733,27021
Q254560,Q7302587,27025
Q16768157,Q100357208,27027
Q7257447,Q2813992,27033
Q394834,Q1810735,27057
Q1206896,Q2623912,27066
Q85767297,Q2341553,27084
Q5690825,Q17027869,27085
Q670055,Q74304,27094
Q159733,Q16153408,27112
Q410817,Q2623912,27119
Q115178805,Q3358609,27130
Q7334999,Q934853,27144
Q174876,Q7309790,27160
Q16882165,Q4829585,27162
Q786803,Q512599,27194
Q2176578,Q482618,27214
Q3813256,Q101609467,27215
Q111945786,Q8023663,27225
Q48525,Q1397560,27229
Q1402686,Q7247905,27239
Q4577,Q7914465,27242
Q556318,Q142153,27268
Q723629,Q16967869,27274
Q4824194,Q22063662,27281
Q7316825,Q48997713,27294
Q4791298,Q5172799,27300
Q849032,Q8302977,27306
Q231478,Q512599,27341
Q683595,Q3977971,27348
Q719895,Q2623912,27354
Q1383596,Q680909,27364
Q7145026,Q259516,27386
Q53640989,Q2623912,27409
Q1691909,Q291046,27415
Q10928179,Q2623912,27440
Q428363,Q1542839,27510
Q1326731,Q1792,27518
Q891382,Q2623912,27551
Q538104,Q16863733,27553
Q46101,Q17149148,27559
Q96377285,Q53400657,27576
Q185675,Q16857188,27629
Q113947108,Q482618,27638
Q2070803,Q1966741,27663
Q2654207,Q101991,27666
Q156562,Q2623912,27672
Q38695,Q93189,27706
Q6906575,Q113536206,27708
Q108735969,Q16153408,27715
Q49297,Q7257447,27720
Q5603593,Q245353,27738
Q1630461,Q1176641,27758
Q279728,Q178265,27762
Q9192127,Q6534968,27773
Q680909,Q5097982,27778
Q63354,Q2623912,27814
Q66076,Q400674,27854
Q7126777,Q7247905,27865
Q327651,Q5132490,27879
Q129348,Q11696,27907
Q40629,Q2623912,27926
Q5595818,Q4642426,27929
Q1204826,Q2623912,27936
Q12739,Q3316926,27939
Q7784619,Q2923451,27947
Q416372,Q908833,27950
Q1380588,Q3434335,27961
Q6140833,Q3317402,27964
Q10928179,Q1195410,27973
Q12127664,Q2623912,28025
Q36794,Q6534968,28032
Q2915393,Q2623912,28055
Q190771,Q2623912,28081
Q7598303,Q1581,28123
Q1728882,Q2623912,28125
Q4745446,Q1044835,28129
Q38695,Q2623912,28142
Q18209658,Q2623912,28149
Q11442,Q2623912,28163
Q1181987,Q2623912,28185
Q25206207,Q7404297,28213
Q48525,Q1397560,28242
Q1425700,Q471130,28317
Q109428,Q5509678,28327
Q178095,Q107394799,28330
Q210912,Q2623912,28363
Q1847641,Q2623912,28390
Q147362,Q1046958,28399
Q29514865,Q7404297,28413
Q28567,Q619829,28417
Q1267958,Q1183941,28420
Q3357765,Q2623912,28425
Q1517289,Q1041292,28456
Q230664,Q1195410,28457
Q1328508,Q4573332,28513
Q10928179,Q416603,28552
Q486803,Q2623912,28573
Q7833641,Q10928179,28584
Q1810735,Q7317724,28590
Q618655,Q2623912,28594
Q23397,Q190192,28630
Q193211,Q5097982,28647
Q22063662,Q2623912,28658
Q1415,Q30,28659
Q5046696,Q2623912,28667
Q108559489,Q2623912,28670
Q181100,Q1542839,28675
Q931507,Q3392065,28691
Q336191,Q1195410,28708
Q3389096,Q908833,28732
Q265896,Q30,28750
Q209233,Q1195410,28761
Q1071027,Q2623912,28763
Q2934,Q1308733,28766
Q23558,Q2630687,28774
Q774805,Q7272880,28798
Q43084,Q135621,28805
Q10856,Q2623912,28823
Q111669794,Q2623912,28829
Q5636232,Q5097982,28838
Q6199411,Q482618,28844
Q4389750,Q932586,28859
Q96401027,Q844837,28865
Q49297,Q142153,28868
Q297921,Q207822,28874
Q7663530,Q40924,28888
Q7171523,Q7692370,28893
Q11034,Q16863733,28904
Q101674,Q4642426,28908
Q108291551,Q403255,28930
Q5933823,Q2630687,28947
Q157171,Q20026887,28963
Q5850917,Q142153,28993
Q104871845,Q1117196,29012
Q302,Q43115,29027
Q2095173,Q482618,29030
Q153025,Q2623912,29082
Q3908516,Q5051926,29093
Q1252981,Q1366032,29095
Q341021,Q6916613,29105
Q167311,Q5097982,29131
Q7075743,Q1195410,29136
Q17,Q2623912,29138
Q12198,Q12125,29145
Q527905,Q4577,29166
Q388,Q2623912,29167
Q140686,Q5440396,29168
Q16857188,Q161491,29176
Q2855609,Q6534968,29179
Q759508,Q2623912,29196
Q40858,Q28495522,29200
Q19809,Q2623912,29203
Q2629686,Q2623912,29293
Q7315762,Q142153,29311
Q1753581,Q25267,29317
Q12772320,Q2623912,29342
Q6911845,Q7404297,29350
Q824,Q142153,29352
Q835173,Q194489,29390
Q85767297,Q2623912,29402
Q186101,Q1195410,29406
Q154410,Q498805,29428
Q85797355,Q113947108,29431
Q74560,Q2623912,29436
Q428363,Q2623912,29465
Q180046,Q111,29484
Q169872,Q5097982,29489
Q295117,Q23768,29526
Q95478885,Q10806,29527
Q132087,Q178436,29528
Q23016677,Q7272880,29550
Q185675,Q115178805,29552
Q23397,Q341157,29595
Q231483,Q512599,29602
Q422255,Q56477048,29607
Q3244552,Q142153,29610
Q131172,Q16882004,29630
Q952416,Q2623912,29660
Q7884994,Q7914465,29681
Q791974,Q7142812,29708
Q447349,Q1430099,29709
Q419342,Q99,29715
Q142153,Q3933280,29726
Q107394799,Q2623912,29732
Q597112,Q5097982,29736
Q43015,Q2630687,29750
Q3537974,Q6227006,29760
Q7835440,Q2623912,29781
Q4577,Q1204,29797
Q346636,Q2623912,29828
Q225351,Q223911,29835
Q69897,Q1195410,29860
Q396289,Q2623912,29886
Q982403,Q6534968,29906
Q1210094,Q2630687,29911
Q119203,Q16863733,29919
Q920544,Q6534968,29937
Q28153896,Q99,29954
Q3161788,Q5446001,29960
Q11784425,Q2623912,29999
Q104813447,Q14669060,30013
Q177626,Q16863733,30030
Q816261,Q16863733,30037
Q12192,Q5097982,30076
Q269365,Q30,30094
Q5933823,Q7142793,30096
Q8460097,Q3358609,30107
Q673206,Q96373707,30111
Q3972943,Q5246046,30138
Q64514817,Q635185,30146
Q5509678,Q2630687,30196
Q2347178,Q5097982,30232
Q3661655,Q2623912,30237
Q13415025,Q284868,30246
Q8050997,Q346195,30266
Q16874683,Q398355,30286
Q3845002,Q25588330,30306
Q110749091,Q7598303,30313
Q1070054,Q5097982,30321
Q261327,Q496812,30332
Q188628,Q174876,30339
Q15472840,Q80157,30348
Q1219632,Q11920938,30353
Q212211,Q2623912,30384
Q837710,Q74304,30393
Q13113874,Q2623912,30406
Q845249,Q6509303,30440
Q225197,Q1393,30448
Q98149276,Q100892309,30452
Q185675,Q16857188,30460
Q10334846,Q207550,30491
Q7773619,Q338050,30508
Q2333935,Q16857188,30517
Q40629,Q142153,30539
Q338050,Q193894,30545
Q174876,Q2907853,30546
Q98149276,Q1693864,30551
Q4173909,Q269365,30584
Q107394799,Q2624848,30615
Q695318,Q2630687,30628
Q225197,Q801,30633
Q377568,Q225351,30646
Q42962347,Q215304,30648
Q97359934,Q15318,30661
Q1916282,Q16863733,30686
Q5051926,Q6520325,30724
Q85791135,Q2623912,30778
Q7485058,Q3504641,30838
Q40858,Q2623912,30845
Q3482590,Q144,30862
Q273623,Q444195,30902
Q1334408,Q3808900,30903
Q53640989,Q1136236,30919
Q1091804,Q2673594,30978
Q210064,Q6510297,30987
Q7398599,Q527905,30993
Q654483,Q1377575,31007
Q242255,Q677466,31021
Q359495,Q2623912,31070
Q157509,Q5124682,31073
Q188844,Q2623912,31081
Q945434,Q2623912,31089
Q327651,Q245353,31090
Q16768157,Q2623912,31110
Q3404233,Q1889114,31111
Q1519291,Q932586,31117
Q1473317,Q1195410,31133
Q430024,Q5097982,31135
Q7550421,Q7692370,31146
Q161701,Q193894,31151
Q1538499,Q7627822,31182
Q3284355,Q1195410,31225
Q65117495,Q2623912,31235
Q1603,Q7404297,31258
Q18389738,Q16857188,31288
Q30,Q6534968,31298
Q15762858,Q5668175,31309
Q1339493,Q444195,31313
Q15762858,Q3808900,31361
Q281801,Q61875850,31383
Q7145026,Q16863733,31391
Q188770,Q2623912,31412
Q507619,Q2623912,31414
Q1436063,Q2623912,31416
Q246400,Q2623912,31418
Q188628,Q4104783,31421
Q1538499,Q512599,31446
Q458094,Q16863733,31476
Q30,Q7914465,31489
Q11218,Q2623912,31512
Q23558,Q157171,31521
Q411093,Q96407993,31524
Q443838,Q65533608,31525
Q986388,Q7737,31534
Q1002884,Q18411786,31559
Q367408,Q16153408,31567
Q332308,Q1339409,31569
Q5137681,Q115376,31579
Q527905,Q186249,31587
Q188823,Q229280,31595
Q16768157,Q96404773,31610
Q18148857,Q2623912,31621
Q5590105,Q7302587,31622
Q1070699,Q2630687,31656
Q226062,Q1276284,31676
Q174876,Q7309790,31685
Q23558,Q6534968,31688
Q368949,Q6966200,31689
Q466,Q2623912,31693
Q831801,Q16863733,31695
Q3369955,Q5507275,31715
Q23556,Q1091190,31748
Q1906840,Q2623912,31752
Q10874,Q2623912,31770
Q63367831,Q4642426,31787
Q22706,Q779,31793
Q15100200,Q574890,31807
Q629029,Q259516,31894
Q2277666,Q7404297,31906
Q220910,Q2623912,31908
Q466,Q3504641,31910
Q4052234,Q2623912,31915
Q28454519,Q603439,31923
Q5690825,Q99,31943
Q400674,Q448244,31944
Q25267,Q1753581,31968
Q565176,Q6534968,31978
Q5151,Q620876,31979
Q192527,Q2623912,32004
Q98149276,Q193894,32009
Q809938,Q1649,32022
Q683595,Q2630687,32031
Q146071,Q2623912,32086
Q4806846,Q48282,32087
Q542276,Q131191,32102
Q295983,Q2623912,32103
Q462058,Q341021,32160
Q6478447,Q397762,32164
Q506319,Q16863733,32165
Q133279,Q309252,32186
Q1326731,Q2,32215
Q307,Q7525,32220
Q5132490,Q2623912,32225
Q2310379,Q2623912,32226
Q1207444,Q7247905,32242
Q142292,Q2623912,32245
Q1156840,Q2623912,32254
Q58185346,Q1400881,32258
Q294675,Q6520325,32264
Q2291875,Q231000,32280
Q185675,Q2623912,32281
Q1543307,Q2623912,32296
Q105196,Q14080,32332
Q565176,Q2623912,32334
Q1049885,Q1147899,32348
Q854022,Q231000,32353
Q299182,Q227502,32378
Q8449772,Q419342,32386
Q190117,Q401095,32416
Q3153794,Q1810735,32446
Q1321,Q142153,32462
Q53640989,Q104864702,32489
Q188628,Q683595,32509
Q4577,Q2623912,32521
Q857027,Q618655,32537
Q133279,Q40821,32538
Q23397,Q65068949,32544
Q6073788,Q6534968,32548
Q5089410,Q7759779,32591
Q5265677,Q2623912,32593
Q20962709,Q65068949,32603
Q226222,Q980036,32621
Q17014551,Q5668175,32693
Q105972808,Q1195410,32712
Q5295418,Q17129867,32715
Q113100,Q52775627,32722
Q2235167,Q409235,32773
Q207902,Q11215,32792
Q449268,Q6710031,32805
Q362052,Q482618,32816
Q2035701,Q7247905,32836
Q334911,Q2630687,32845
Q11033,Q2623912,32857
Q227502,Q23204,32866
Q250216,Q2483968,32910
Q680909,Q39099,32929
Q1380588,Q174876,32939
Q289612,Q22063662,32962
Q113364568,Q1649,32970
Q918231,Q1406,32982
Q285619,Q2015228,32990
Q7250082,Q908833,32995
Q2310379,Q2623912,32998
Q10928179,Q7248242,33042
Q417454,Q1860,33049
Q5172799,Q2623912,33051
Q178095,Q1415,33061
Q917069,Q191089,33088
Q1156084,Q7439043,33092
Q680909,Q2623912,33109
Q3276328,Q700875,33115
Q139380,Q908833,33126
Q1643175,Q66096,33139
Q2372780,Q2623912,33155
Q7171523,Q30,33161
Q16555,Q245353,33179
Q1137183,Q142153,33181
Q1393696,Q85799996,33198
Q27092868,Q408716,33213
Q234252,Q40924,33234
Q7386159,Q16863733,33236
Q538259,Q189524,33279
Q23397,Q65068949,33292
Q30,Q16,33296
Q1156084,Q2623912,33301
Q6272142,Q5275608,33305
Q680909,Q3473027,33313
Q856887,Q28153896,33347
Q223591,Q101991,33366
Q113955370,Q28153896,33385
Q2374768,Q16552,33388
Q7131820,Q2623912,33399
Q7063002,Q3404982,33406
Q1269144,Q180538,33416
Q19014,Q109417726,33435
Q177471,Q7450803,33452
Q16822122,Q2623912,33453
Q18795325,Q16863733,33460
Q7146560,Q2623912,33472
Q364473,Q6534968,33524
Q11661,Q7247905,33536
Q620413,Q705899,33544
Q7725321,Q7551338,33551
Q216523,Q4642426,33554
Q877729,Q7247905,33561
Q3184856,Q191089,33563
Q84,Q5097982,33587
Q6421849,Q7142793,33596
Q97359384,Q108144643,33600
Q113511741,Q16256017,33610
Q250,Q2623912,33611
Q141212,Q16863733,33627
Q161701,Q5097982,33634
Q1391592,Q2134272,33667
Q4834498,Q4806846,33683
Q3072842,Q142153,33697
Q193211,Q179399,33699
Q111937346,Q16857188,33728
Q2106031,Q1728882,33734
Q9960,Q11696,33797
Q7303395,Q846574,33798
Q680909,Q108735969,33799
Q85799996,Q2623912,33812
Q28153896,Q4577,33816
Q519076,Q818,33824
Q1864802,Q1278442,33826
Q328835,Q16882004,33827
Q223638,Q48674677,33830
Q3050034,Q2623912,33832
Q428363,Q482618,33839
Q11268,Q6508642,33862
Q1175731,Q5097982,33869
Q17445208,Q2623912,33871
Q66922310,Q171064,33881
Q229748,Q1091190,33885
Q66886,Q6534968,33906
Q108415340,Q759540,33930
Q11266,Q11266,33942
Q7404297,Q1227,33957
Q107639374,Q75040,33977
Q5604097,Q2445751,33978
Q328799,Q10928179,34001
Q1644904,Q8425,34005
Q626981,Q577754,34016
Q1634555,Q2623912,34042
Q40858,Q16863733,34047
Q178824,Q16863733,34066
Q7315762,Q30,34076
Q27988972,Q8027865,34084
Q177734,Q7315941,34088
Q2641832,Q2623912,34098
Q1220608,Q6534968,34110
Q928,Q16863733,34123
Q109229540,Q635772,34204
Q83708009,Q2630687,34213
Q55726838,Q142153,34214
Q108144643,Q107394799,34238
Q1059,Q5097982,34249
Q18659,Q2630687,34254
Q565176,Q1195410,34257
Q4826629,Q2623912,34269
Q5690825,Q22063662,34272
Q5628063,Q908833,34295
Q85791135,Q13415025,34309
Q170990,Q169872,34323
Q59576,Q836957,34331
Q14080,Q2623912,34343
Q400674,Q229280,34344
Q93191,Q2623912,34387
Q43015,Q2630687,34394
Q1220225,Q18157148,34455
Q397098,Q3161788,34466
Q191891,Q915466,34490
Q626981,Q39087617,34501
Q131089,Q7315941,34507
Q22339056,Q877796,34538
Q58185346,Q43015,34558
Q28153896,Q23198657,34584
Q850210,Q1538499,34591
Q1269144,Q1410668,34600
Q2447621,Q7205144,34603
Q594918,Q1195410,34622
Q108144643,Q2623912,34647
Q527905,Q245353,34684
Q1731,Q25588330,34749
Q626608,Q1195410,34762
Q340713,Q80550,34766
Q22063662,Q2630687,34771
Q1219231,Q106624987,34777
Q466,Q2623912,34784
Q724771,Q5156383,34786
Q24669178,Q11995,34813
Q8663,Q2623912,34839
Q55726838,Q6534968,34845
Q754360,Q1195410,34854
Q1938347,Q114152659,34866
Q103767,Q2623912,34895
Q444195,Q2623912,34922
Q69897,Q1537,34930
Q30,Q2623912,34944
Q55726838,Q1195410,34968
Q109945066,Q2623912,34970
Q641208,Q16863733,34995
Q374893,Q16863733,34996
Q497976,Q2623912,35006
Q151596,Q7148387,35011
Q285619,Q1553701,35028
Q15749512,Q2910672,35079
Q22063662,Q872745,35080
Q142292,Q7247905,35084
Q5140971,Q1183,35087
Q4416749,Q1810735,35116
Q1339409,Q5227381,35123
Q58185346,Q10928179,35132
Q200383,Q2630687,35137
Q430024,Q155098,35160
Q69897,Q1581,35170
Q1028626,Q7247905,35175
Q16980116,Q5097982,35190
Q1041205,Q123202,35213
Q178543,Q6565554,35232
Q1221,Q105972808,35259
Q8377764,Q6025378,35268
Q2233817,Q22063662,35288
Q827658,Q193894,35294
Q915196,Q2623912,35297
Q9739,Q773924,35298
Q23193275,Q16863733,35315
Q6548,Q6534968,35326
Q6495741,Q1195410,35340
Q3501496,Q2630687,35342
Q139690,Q3634419,35375
Q23397,Q1195410,35376
Q317441,Q3808900,35387
Q1349130,Q1091190,35390
Q7202468,Q6534968,35402
Q1454,Q6684947,35403
Q6629080,Q18697349,35423
Q4671327,Q1261,35427
Q2145107,Q6458227,35454
Q911554,Q1220225,35455
Q837710,Q74304,35466
Q2035701,Q16863733,35472
Q50701460,Q194489,35477
Q11268,Q49297,35483
Q527905,Q680909,35484
Q676397,Q54745709,35505
Q109945066,Q2623912,35536
Q612036,Q1536448,35540
Q20962709,Q8652,35549
Q170404,Q1033,35559
Q52,Q2623912,35629
Q161701,Q193894,35661
Q488415,Q5097982,35669
Q1067203,Q2623912,35681
Q2514214,Q13415025,35720
Q23797,Q2623912,35732
Q190771,Q1195410,35765
Q17,Q2328780,35772
Q786916,Q3933280,35780
Q48525,Q1538499,35785
Q40629,Q1047702,35786
Q344059,Q488048,35791
Q16968063,Q2623912,35795
Q6951580,Q61745984,35802
Q88668786,Q259516,35813
Q684,Q225822,35816
Q1411287,Q5097982,35826
Q58185346,Q18142492,35830
Q1160206,Q2099541,35835
Q1089579,Q2431693,35868
Q633304,Q2623912,35870
Q623486,Q1048157,35872
Q22706,Q2630687,35887
Q12131,Q3504641,35895
Q497976,Q1962297,35899
Q142292,Q1195410,35910
Q231486,Q2623912,35920
Q2310379,Q2623912,35929
Q536118,Q2630687,35938
Q191081,Q2623912,35954
Q3562968,Q210064,35957
Q10928179,Q22063662,35978
Q1374831,Q1810735,36014
Q2386274,Q2623912,36020
Q409411,Q4713331,36024
Q7066583,Q5165194,36070
Q903081,Q16863733,36073
Q85758606,Q7423376,36081
Q225197,Q30,36092
Q1374831,Q7247905,36102
Q194356,Q6534968,36115
Q343493,Q2623912,36124
Q448685,Q16863733,36128
Q224895,Q2623912,36130
Q45959,Q424972,36136
Q161798,Q2623912,36160
Q40821,Q2256,36167
Q4668717,Q48282,36178
Q55241,Q12138,36193
Q129793,Q2623912,36229
Q37260,Q6647726,36237
Q16,Q2623912,36266
Q5520103,Q6279182,36271
Q318730,Q104857390,36292
Q105210,Q11473,36303
Q1339409,Q796,36312
Q65117495,Q3990015,36317
Q917069,Q1054718,36325
Q1956556,Q15753739,36346
Q830,Q6534968,36352
Q495304,Q194489,36362
Q44,Q16775234,36368
Q7914465,Q74304,36387
Q7258288,Q1345873,36400
Q421584,Q99,36467
Q116148291,Q281928,36479
Q319882,Q4642426,36485
Q405737,Q2623912,36508
Q708438,Q2630687,36519
Q683595,Q2630687,36537
Q226222,Q7366534,36544
Q113947108,Q6710031,36545
Q4672550,Q16863733,36558
Q7260940,Q2623912,36559
Q2537,Q193,36590
Q5446001,Q113297224,36596
Q5720030,Q1195410,36597
Q527905,Q7398599,36618
Q97178751,Q16863733,36638
Q1753581,Q25267,36682
Q9285823,Q2623912,36695
Q8676,Q2623912,36726
Q18926015,Q99,36727
Q617969,Q636806,36730
Q620876,Q1195410,36737
Q4646303,Q1345873,36739
Q189900,Q2623912,36749
Q6140833,Q5097982,36754
Q1751574,Q1210094,36768
Q101609467,Q881,36775
Q85742535,Q2623912,36786
Q5145816,Q6491658,36793
Q1538499,Q347037,36802
Q55642963,Q741713,36811
Q1971007,Q8449772,36836
Q7978194,Q908833,36837
Q225197,Q2624848,36859
Q5446774,Q2630687,36886
Q96404773,Q2623912,36915
Q827023,Q6027402,36966
Q7908035,Q16263505,36975
Q409411,Q182413,37002
Q21196617,Q108735969,37005
Q83858,Q931507,37020
Q3503092,Q7247905,37052
Q2735638,Q276389,37076
Q14622172,Q382646,37077
Q5351109,Q1704704,37085
Q1374831,Q2623912,37106
Q346195,Q2623912,37114
Q345362,Q72313,37141
Q269365,Q1537,37152
Q6421849,Q1195410,37172
Q4173909,Q496,37190
Q1813603,Q193894,37222
Q107526334,Q2623912,37236
Q854022,Q2630687,37242
Q25205882,Q3808900,37253
Q113677740,Q3808900,37255
Q837710,Q74304,37257
Q97403701,Q5097982,37296
Q2296401,Q2623912,37314
Q96405779,Q15975842,37319
Q2288549,Q1220225,37328
Q1252981,Q544,37333
Q201608,Q193894,37353
Q362,Q2623912,37383
Q626608,Q850210,37414
Q13113874,Q2623912,37433
Q48525,Q2623912,37441
Q21078,Q77071286,37484
Q82728,Q97354328,37495
Q49042,Q1041292,37503
Q13082,Q16863733,37507
Q549912,Q934294,37511
Q105985,Q44918,37517
Q1210094,Q2630687,37550
Q191600,Q279283,37557
Q577,Q3003209,37560
Q49297,Q75040,37566
Q20026887,Q2623912,37572
Q1081293,Q2623912,37604
Q233656,Q2623912,37625
Q364473,Q4829585,37633
Q1017569,Q2623912,37636
Q1538499,Q1810735,37647
Q108735969,Q1261,37690
Q12969754,Q1195410,37721
Q680909,Q818,37723
Q27984368,Q838119,37745
Q43015,Q920400,37778
Q5133587,Q108685195,37801
Q9158,Q2623912,37806
Q211543,Q524572,37816
Q158593,Q241849,37818
Q12439,Q908833,37824
Q66922310,Q17949,37850
Q18520,Q2623912,37854
Q441385,Q224062,37866
Q20962709,Q6534968,37867
Q412284,Q259516,37874
Q340647,Q157171,37878
Q4794029,Q597030,37888
Q48525,Q58185346,37915
Q623273,Q832560,37919
Q2723740,Q2992652,37923
Q23852,Q3317402,37925
Q1394963,Q74304,37927
Q1219632,Q23768,37938
Q295117,Q364473,37940
Q185675,Q346636,37950
Q131517,Q871991,37953
Q58185346,Q1889114,37956
Q24915087,Q2,37959
Q11442,Q142153,37968
Q5183784,Q512599,37993
Q167191,Q1931511,38012
Q1204,Q227502,38018
Q219707,Q2623912,38043
Q215210,Q11829360,38072
Q8775913,Q2623912,38083
Q18189,Q1487317,38124
Q1763453,Q16863733,38165
Q40924,Q7247905,38186
Q3931312,Q229280,38218
Q4729214,Q5097982,38231
Q69897,Q8802268,38254
Q7250977,Q161701,38257
Q1691909,Q5097982,38258
Q85797355,Q5446313,38320
Q226811,Q6534968,38332
Q28454519,Q5567357,38352
Q255983,Q1810735,38358
Q5953341,Q2623912,38395
Q152225,Q2623912,38396
Q10480676,Q2623912,38422
Q544584,Q62,38432
Q17027869,Q1494,38443
Q96373707,Q525,38501
Q3959681,Q220888,38537
Q657588,Q181574,38544
Q28153896,Q1779527,38599
Q232957,Q7562158,38614
Q4791298,Q5172799,38629
Q93803581,Q74304,38633
Q5123552,Q2623912,38643
Q6199411,Q5097982,38652
Q4095857,Q2623912,38664
Q17125199,Q18553444,38667
Q1754533,Q1091190,38677
Q113677740,Q6127696,38684
Q945434,Q2623912,38690
Q527905,Q259516,38722
Q1172315,Q193894,38733
Q114567855,Q2624848,38780
Q7777101,Q2394387,38799
Q108551460,Q1195509,38812
Q5116048,Q142153,38817
Q1411510,Q1091190,38860
Q105972808,Q5097982,38873
Q161701,Q5097982,38875
Q6684947,Q311198,38881
Q8366851,Q36424,38896
Q53640989,Q7136783,38909
Q824,Q112160716,38930
Q7441656,Q2623912,38944
Q407583,Q7366534,38956
Q4672550,Q231000,38962
Q917069,Q12135,38972
Q22063662,Q2623912,38982
Q58929,Q360552,38988
Q66922310,Q2123105,39005
Q1176641,Q16863733,39016
Q255983,Q4791298,39023
Q7485058,Q5282677,39024
Q3259564,Q12135,39090
Q15639757,Q7247905,39130
Q164553,Q6534968,39135
Q771296,Q1889114,39159
Q351,Q65068949,39183
Q108144643,Q1538499,39189
Q342912,Q7335383,39228
Q191081,Q7302587,39238
Q358652,Q2623912,39255
Q7469958,Q7257447,39259
Q111937346,Q556727,39263
Q2624848,Q1195410,39274
Q5169211,Q2623912,39286
Q2624848,Q1505374,39290
Q40629,Q2623912,39306
Q23852,Q192355,39309
Q1396527,Q107394799,39316
Q1196202,Q7247905,39327
Q22063662,Q1195410,39328
Q15816471,Q2623912,39333
Q1397560,Q2623912,39334
Q415546,Q3369955,39351
Q255983,Q341021,39358
Q1974312,Q3243002,39362
Q18351474,Q1148747,39366
Q428363,Q3808900,39369
Q11033,Q2623912,39385
Q5177516,Q832560,39408
Q281097,Q12444025,39411
Q2310379,Q4037573,39420
Q6837664,Q1051088,39444
Q11442,Q2623912,39461
Q1269708,Q680909,39472
Q40924,Q6327929,39482
Q7315762,Q364473,39494
Q11630127,Q101991,39504
Q181815,Q6534968,39546
Q51269596,Q2623912,39551
Q16864543,Q5097982,39552
Q42339,Q142153,39556
Q30,Q908833,39583
Q1651704,Q16863733,39593
Q834730,Q615759,39607
Q5454994,Q74304,39612
Q366262,Q2630687,39639
Q300377,Q2623912,39640
Q22286317,Q7918340,39692
Q28153896,Q1030,39696
Q3238071,Q104864702,39703
Q113677740,Q2468,39734
Q206717,Q74304,39753
Q247118,Q11268,39771
Q419342,Q1810735,39807
Q349301,Q7309790,39850
Q107531164,Q10928179,39885
Q683595,Q1261,39901
Q216523,Q111945786,39919
Q94708,Q2623912,39931
Q1631212,Q16857188,39935
Q16882165,Q2623912,39942
Q161491,Q17129867,39952
Q362561,Q2623912,39972
Q229280,Q11201,39977
Q5741431,Q16863733,39980
Q1479693,Q7404297,39981
Q267313,Q13415025,39992
Q14048,Q1366032,40008
Q1374831,Q2623912,40023
Q251319,Q7457854,40067
Q5433639,Q6710031,40069
Q28153896,Q15270040,40081
Q6004986,Q231000,40088
Q2879014,Q401465,40092
Q6022874,Q7247905,40107
Q23768,Q4887608,40129
Q244878,Q2623912,40135
Q4698924,Q6534968,40148
Q96404773,Q2630687,40155
Q423828,Q304952,40158
Q733968,Q2623912,40228
Q4668717,Q23035449,40247
Q133006,Q2623912,40260
Q409411,Q182155,40264
Q9217334,Q7884306,40268
Q360754,Q11129353,40283
Q82352,Q96,40285
Q181100,Q1542839,40287
Q334911,Q115376,40313
Q226222,Q10928179,40322
Q915196,Q2623912,40345
Q1987,Q3147677,40360
Q318730,Q1415,40373
Q223642,Q201608,40390
Q305019,Q7247905,40402
Q244878,Q14075,40405
Q25305561,Q4825990,40408
Q926518,Q6710031,40417
Q191089,Q6710031,40433
Q7398599,Q930829,40436
Q380640,Q3721,40438
Q17019978,Q1044835,40445
Q318217,Q2623912,40448
Q1374831,Q2630687,40458
Q1156084,Q2623912,40471
Q4164975,Q2623912,40480
Q28153896,Q104864702,40493
Q340647,Q2623912,40522
Q44294,Q931507,40527
Q3716970,Q193878,40547
Q1339409,Q108144643,40549
Q55613503,Q6534968,40561
Q9217334,Q2623912,40563
Q72313,Q2630687,40579
Q724771,Q2623912,40589
Q345740,Q7257959,40621
Q11401,Q2623912,40630
Q707859,Q5097982,40636
Q250,Q7101313,40648
Q193220,Q6534968,40653
Q28153896,Q1492,40656
Q134747,Q1395327,40673
Q4577,Q1326731,40696
Q760125,Q2630687,40707
Q28153896,Q174876,40728
Q154549,Q2623912,40733
Q3033610,Q2623912,40737
Q443838,Q2623912,40785
Q7535184,Q405996,40788
Q144,Q7247905,40799
Q407592,Q25194102,40800
Q918231,Q931507,40802
Q30323949,Q142153,40811
Q1538499,Q949033,40816
Q4369044,Q512599,40832
Q891382,Q245353,40849
Q942976,Q83864,40854
Q900457,Q101991,40864
Q265896,Q712,40867
Q104864702,Q6534968,40896
Q3280285,Q624036,40898
Q1282499,Q65052199,40903
Q110632155,Q11655231,40945
Q23558,Q16968063,40948
Q1222011,Q1513515,40969
Q3505412,Q1195410,40989
Q250,Q2623912,41011
Q23397,Q48698978,41024
Q680909,Q107394799,41038
Q1080794,Q7257959,41045
Q20077126,Q7247905,41051
Q230486,Q267813,41073
Q7333971,Q1153495,41081
Q904490,Q207522,41089
Q3409626,Q2623912,41096
Q1415,Q7485058,41126
Q43238,Q6534968,41142
Q2624848,Q6534968,41147
Q8789,Q2623912,41150
Q340647,Q7404297,41151
Q7692370,Q2630687,41181
Q18189,Q16863733,41183
Q527905,Q428,41189
Q583858,Q108735969,41193
Q234252,Q158593,41206
Q8775913,Q2623912,41214
Q683595,Q7257959,41224
Q111946195,Q277773,41236
Q18351474,Q1227,41241
Q399541,Q85758606,41243
Q6532502,Q188628,41248
Q1374831,Q2630687,41292
Q4104783,Q832560,41298
Q5446537,Q2623912,41300
Q683595,Q2630687,41318
Q181257,Q193894,41319
Q4851167,Q523522,41333
Q30,Q6473911,41352
Q895262,Q5097982,41378
Q84025251,Q2623912,41387
Q11436,Q7142806,41389
Q8970901,Q20026887,41395
Q7398599,Q259516,41404
Q80938,Q1091190,41414
Q931507,Q240673,41415
Q108291551,Q59099,41425
Q449415,Q2623912,41433
Q2629686,Q2623912,41437
Q766,Q7257902,41459
Q105675280,Q2623912,41498
Q157171,Q2630687,41500
Q40858,Q264619,41509
Q189900,Q1195410,41516
Q28153896,Q2623912,41523
Q1751574,Q872745,41535
Q527905,Q2623912,41548
Q231387,Q3537974,41562
Q16746066,Q30,41569
Q255336,Q142153,41589
Q1326731,Q3284355,41591
Q7598303,Q142153,41592
Q113677740,Q7315941,41603
Q11068,Q1337087,41606
Q597030,Q99,41614
Q650812,Q1195410,41622
Q40858,Q7142812,41633
Q1301371,Q2623912,41656
Q918231,Q2623912,41659
Q740909,Q5097982,41661
Q77182,Q749115,41667
Q2624848,Q1195410,41673
Q7112905,Q2623912,41681
Q1686201,Q2624848,41691
Q115686881,Q486803,41693
Q1109680,Q2623912,41710
Q191081,Q65533608,41729
Q5776,Q6534968,41731
Q932586,Q5097982,41750
Q944752,Q3933280,41756
Q115802809,Q7069477,41805
Q3355478,Q16863733,41823
Q7991806,Q37525,41844
Q244878,Q2623912,41883
Q20026887,Q2068804,41893
Q22063662,Q1810735,41894
Q353767,Q14657263,41898
Q108558949,Q2623912,41925
Q108735969,Q304952,41943
Q1538499,Q396289,41950
Q223591,Q6028820,41952
Q104858363,Q2623912,41971
Q8449772,Q5308931,42007
Q8652,Q608201,42057
Q2613040,Q771,42066
Q5284672,Q1956012,42070
Q929427,Q2623912,42116
Q8026812,Q250,42118
Q850210,Q58185346,42121
Q186005,Q2623912,42122
Q1974312,Q1195410,42132
Q244878,Q7439043,42135
Q5628063,Q908833,42140
Q13113874,Q5097982,42152
Q6349938,Q3504641,42161
Q11268,Q1397560,42203
Q26715319,Q832560,42204
Q3977971,Q1415,42212
Q404533,Q16863733,42216
Q312,Q754256,42217
Q392371,Q229280,42226
Q96377285,Q2623912,42229
Q7805276,Q2623912,42264
Q58185346,Q36424,42294
Q4469598,Q7736042,42301
Q4698924,Q17014931,42323
Q290312,Q1397560,42330
Q108144643,Q444195,42348
Q161701,Q5097982,42364
Q1634555,Q311198,42377
Q459965,Q2623912,42438
Q5446001,Q3317402,42455
Q96407993,Q6534968,42473
Q182726,Q3808900,42489
Q28153896,Q174876,42491
Q23558,Q3372903,42537
Q55726838,Q2623912,42555
Q161701,Q5097982,42558
Q4037573,Q2623912,42620
Q142021,Q1002171,42629
Q191498,Q1076110,42641
Q5897152,Q760125,42665
Q942976,Q101991,42670
Q246400,Q2623912,42673
Q495304,Q680909,42681
Q3561188,Q17014551,42693
Q65068949,Q334537,42749
Q2613040,Q229280,42751
Q12739,Q2623912,42764
Q1295678,Q482618,42769
Q1178021,Q16864543,42775
Q16857188,Q161491,42780
Q424976,Q2623912,42791
Q5260921,Q155207,42822
Q912416,Q144,42827
Q16864543,Q6509303,42833
Q7558980,Q7142812,42839
Q23397,Q190192,42841
Q3461268,Q680909,42842
Q3153794,Q1810735,42847
Q106310774,Q34404,42848
Q7560,Q6710031,42880
Q877159,Q2623912,42896
Q473746,Q16863733,42909
Q98149276,Q11995,42946
Q1845,Q497976,42987
Q83980,Q2623912,42992
Q1680996,Q11696,43017
Q28153896,Q2623912,43026
Q1010240,Q872745,43060
Q367408,Q16863733,43061
Q95483912,Q134130,43067
Q220224,Q6031467,43085
Q16968063,Q2623912,43092
Q1379273,Q6534968,43107
Q1374831,Q2623912,43134
Q182868,Q5472626,43182
Q317441,Q234097,43202
Q18351474,Q708653,43244
Q2035701,Q16863733,43245
Q255983,Q1538499,43249
Q2766,Q1091190,43267
Q497976,Q1962297,43312
Q1089801,Q16863733,43319
Q7834985,Q1810735,43344
Q1208534,Q6534968,43361
Q96373707,Q169872,43370
Q447102,Q7257959,43386
Q5164630,Q4791298,43399
Q4104783,Q351017,43408
Q812056,Q7598303,43409
Q266541,Q6534968,43455
Q178095,Q4577,43456
Q42339,Q7309790,43460
Q3908516,Q16863733,43484
Q1206896,Q36794,43489
Q174876,Q193894,43509
Q3858995,Q1415,43527
Q2306789,Q11229,43539
Q184202,Q1091190,43546
Q217812,Q290312,43568
Q298102,Q23768,43574
Q1145933,Q104857390,43579
Q7832710,Q1326336,43592
Q738747,Q4046948,43599
Q683563,Q259516,43603
Q466,Q401095,43606
Q48525,Q1397560,43608
Q209572,Q30607886,43624
Q421343,Q421343,43644
Q275461,Q367036,43648
Q4644373,Q187147,43653
Q148950,Q530731,43658
Q1610017,Q264609,43698
Q15989194,Q2623912,43699
Q74560,Q179399,43745
Q181257,Q5097982,43769
Q1080794,Q7257959,43775
Q76,Q2623912,43787
Q2673594,Q4173909,43788
Q618996,Q5097982,43803
Q200092,Q10928179,43805
Q158033,Q4116200,43836
Q2629686,Q2623912,43843
Q2005,Q2623912,43847
Q3269996,Q16863733,43850
Q241261,Q2623912,43853
Q409955,Q2623912,43862
Q108735969,Q538259,43874
Q1594481,Q2623912,43877
Q657588,Q3977971,43901
Q226811,Q1195410,43902
Q108144643,Q242976,43916
Q170201,Q193894,43925
Q1189351,Q2623912,43948
Q3203828,Q1091190,43969
Q200306,Q2623912,43985
Q7404297,Q385870,44017
Q8449772,Q128581,44039
Q394575,Q7707612,44043
Q1362352,Q2623912,44045
Q54745709,Q1195410,44057
Q40821,Q3317402,44060
Q396289,Q107394799,44080
Q443838,Q3574371,44115
Q854,Q16863733,44123
Q187956,Q7404297,44145
Q30,Q7257959,44150
Q11302705,Q746209,44153
Q15639757,Q3933280,44158
Q383126,Q5097982,44162
Q163075,Q5595818,44167
Q1046958,Q895262,44205
Q104858363,Q832560,44210
Q1620945,Q96407993,44214
Q96377285,Q40015,44220
Q428363,Q4791298,44231
Q8452,Q1537,44236
Q4631023,Q680909,44237
Q23204,Q6519257,44243
Q418918,Q267298,44296
Q873236,Q497976,44321
Q144075,Q194489,44323
Q3656255,Q1062494,44324
Q47512306,Q30,44335
Q61875850,Q3432673,44352
Q328835,Q241849,44357
Q99,Q7485058,44362
Q637816,Q2623912,44372
Q108144643,Q2623912,44397
Q301172,Q2623912,44399
Q466354,Q7247905,44423
Q2630687,Q33005760,44429
Q108144643,Q157171,44438
Q3341285,Q2623912,44443
Q179637,Q362,44477
Q207522,Q1702547,44500
Q85758606,Q3504641,44514
Q1039099,Q106652,44516
Q6014782,Q12131,44520
Q14080,Q818,44534
Q3243419,Q16863733,44538
Q1728882,Q16863733,44553
Q230880,Q482618,44573
Q1649,Q109229540,44592
Q1269144,Q2623912,44594
Q8934869,Q16863733,44606
Q3960056,Q22350479,44612
Q44,Q25588330,44638
Q2344518,Q2623912,44660
Q112160716,Q108805719,44665
Q220910,Q295117,44676
Q80336,Q16857188,44692
Q10928179,Q85791135,44708
Q1339121,Q7302587,44718
Q207125,Q16863733,44722
Q18659,Q16,44726
Q40629,Q2623912,44732
Q4951043,Q3504641,44736
Q30,Q22063662,44745
Q419342,Q7247905,44752
Q7451820,Q422404,44756
Q7867,Q75040,44782
Q809910,Q386905,44793
Q225351,Q5097982,44795
Q621303,Q2623912,44869
Q400714,Q179959,44887
Q110749091,Q424976,44895
Q106595832,Q744112,44896
Q16775234,Q2099541,44904
Q214700,Q2143008,44910
Q37836,Q771296,44914
Q132087,Q3563989,44924
Q227555,Q3808900,44925
Q113677740,Q2623912,44927
Q68833,Q1216374,44956
Q525,Q6031467,44961
Q1227,Q261362,44970
Q367036,Q2623912,44981
Q48525,Q1397560,44986
Q310648,Q245353,45013
Q191081,Q2623912,45028
Q212211,Q37447,45029
Q6806600,Q49121,45069
Q677466,Q16863733,45075
Q362,Q7309790,45098
Q170404,Q15133865,45121
Q253567,Q854022,45126
Q75,Q2623912,45132
Q2035701,Q3178987,45142
Q3656255,Q99,45172
Q9236927,Q2735001,45192
Q4698924,Q1536448,45193
Q1181506,Q2679573,45213
Q109592077,Q2623912,45216
Q8037786,Q2623912,45229
Q217528,Q2623912,45238
Q3510439,Q1077476,45288
Q3721526,Q1091190,45290
Q1028547,Q2623912,45312
Q9200,Q2623912,45319
Q780687,Q189760,45325
Q7063002,Q1768566,45332
Q156537,Q2623912,45358
Q1270341,Q27537,45390
Q62392097,Q2623912,45398
Q428363,Q2623912,45414
Q989220,Q1195410,45420
Q1160206,Q74058,45423
Q1515281,Q111945786,45425
Q417940,Q36794,45443
Q8618057,Q2623912,45464
Q110419443,Q16882004,45465
Q97403701,Q16863733,45486
Q173285,Q2623912,45489
Q249151,Q2623912,45499
Q231483,Q187882,45501
Q165145,Q21071998,45515
Q364473,Q190259,45548
Q2379075,Q1581,45582
Q565176,Q16263505,45595
Q113677740,Q2630687,45610
Q227555,Q719725,45616
Q366548,Q1454,45625
Q398156,Q16863733,45628
Q5636232,Q259516,45637
Q449518,Q2623912,45639
Q5003391,Q7404297,45644
Q1129105,Q259516,45652
Q1971007,Q23680173,45657
Q1726612,Q30,45658
Q1137287,Q16863733,45659
Q1424667,Q2623912,45664
Q817393,Q2623912,45671
Q41576,Q838119,45707
Q630533,Q131877,45714
Q58194213,Q2623912,45761
Q2429253,Q2735001,45767
Q61875850,Q7309790,45805
Q234252,Q7247905,45812
Q1470093,Q193894,45823
Q66886,Q2623912,45832
Q560370,Q2623912,45836
Q525,Q1460138,45861
Q18520,Q52775627,45873
Q407535,Q3355478,45885
Q650865,Q818,45887
Q11701,Q3933280,45968
Q188770,Q1220225,45969
Q4698924,Q4577,45990
Q2379469,Q7935271,46025
Q8449772,Q512778,46032
Q23558,Q342945,46039
Q105972808,Q2623912,46054
Q109945066,Q502132,46080
Q27137,Q2623912,46086
Q6753080,Q1195410,46094
Q107531164,Q2623912,46096
Q488173,Q502132,46126
Q759508,Q1581,46135
Q3751077,Q5519127,46142
Q289612,Q2630687,46183
Q227555,Q159683,46217
Q25267,Q1753581,46250
Q161491,Q216526,46265
Q4672550,Q2623912,46282
Q19929864,Q7247905,46294
Q28153896,Q2081584,46308
Q115857812,Q4456888,46328
Q17019978,Q4841343,46329
Q80026,Q6534968,46331
Q288671,Q908833,46333
Q1643563,Q915196,46335
Q516156,Q845734,46345
Q16864543,Q5668175,46352
Q3711935,Q419342,46364
Q191081,Q2623912,46373
Q400674,Q936044,46382
Q12128,Q1204,46387
Q430024,Q5097982,46407
Q3988718,Q245353,46420
Q85758606,Q322519,46434
Q96401027,Q11733861,46461
Q1053,Q7404297,46469
Q312,Q107394799,46477
Q5124698,Q535691,46512
Q55726838,Q3504641,46516
Q6818346,Q16863733,46550
Q111950379,Q101991,46574
Q7964839,Q2193887,46575
Q16263505,Q5097982,46581
Q922203,Q48525,46585
Q65068949,Q2372780,46636
Q133279,Q16882004,46637
Q95483912,Q48742118,46691
Q28153896,Q183,46700
Q1893102,Q4853996,46702
Q2624848,Q5178780,46716
Q4672766,Q16863733,46720
Q861654,Q16863733,46721
Q1543874,Q2623912,46744
Q216523,Q6534968,46760
Q362,Q402820,46761
Q204018,Q7075804,46794
Q399541,Q1739076,46795
Q1397560,Q1195410,46811
Q295117,Q5132490,46830
Q3404982,Q1195410,46850
Q5429120,Q1056396,46860
Q55502,Q2623912,46866
Q626608,Q2630687,46930
Q1003197,Q7247905,46948
Q877159,Q1091190,46950
Q58185346,Q65533608,46951
Q406526,Q900457,46955
Q7404297,Q818,46958
Q108755820,Q512599,46971
Q406507,Q96407993,46974
Q28153896,Q174876,46983
Q1049885,Q170990,47034
Q103767,Q93189,47040
Q300377,Q30,47062
Q6028820,Q2623912,47068
Q362,Q2623912,47079
Q10928179,Q5520103,47086
Q295117,Q26006,47087
Q4577,Q7263522,47112
Q6710031,Q1321,47123
Q23397,Q5454994,47125
Q466,Q2623912,47129
Q144567,Q451013,47130
Q496302,Q948917,47141
Q176464,Q2623912,47173
Q118914,Q100892309,47180
Q189177,Q2623912,47194
Q116195757,Q4173909,47200
Q419342,Q2623912,47230
Q23397,Q1415,47244
Q4791298,Q4104783,47247
Q1428742,Q2623912,47248
Q16148367,Q2623912,47255
Q1269144,Q2623912,47258
Q629029,Q259516,47262
Q851159,Q5097982,47283
Q1301371,Q2623912,47290
Q1374831,Q7309526,47299
Q25206207,Q28153896,47310
Q179996,Q11995,47316
Q85758606,Q5433412,47335
Q260521,Q38456,47341
Q1860,Q2623912,47346
Q294088,Q2623912,47358
Q48525,Q1397560,47365
Q1191659,Q152088,47399
Q6966200,Q2623912,47408
Q6499047,Q6534968,47429
Q250062,Q2623912,47467
Q949616,Q170963,47476
Q110632155,Q13608061,47485
Q370326,Q2623912,47487
Q16263505,Q8529708,47499
Q366262,Q2623912,47503
Q424976,Q17513207,47522
Q13567923,Q142153,47537
Q192783,Q108645,47545
Q179422,Q5097982,47553
Q2343619,Q1071027,47562
Q206989,Q2623912,47566
Q28153896,Q7423376,47588
Q295117,Q2630687,47603
Q60790715,Q178623,47604
Q165145,Q2623912,47629
Q182598,Q2623912,47732
Q227502,Q1509,47786
Q317441,Q1269144,47795
Q415546,Q16863733,47797
Q216053,Q17000136,47810
Q129238,Q1810735,47825
Q115802809,Q7069477,47842
Q16865949,Q916280,47852
Q2613040,Q1204,47862
Q488518,Q44294,47881
Q5097933,Q104864702,47920
Q3510521,Q2623912,47939
Q228391,Q1194004,47946
Q22063662,Q2630687,48001
Q158033,Q48525,48011
Q99,Q7247905,48017
Q54745709,Q2623912,48041
Q16,Q2623912,48046
Q174876,Q6028820,48054
Q97359384,Q2623912,48061
Q18659,Q5454994,48106
Q1077350,Q2623912,48118
Q365850,Q2623912,48120
Q5706206,Q2879014,48143
Q1229659,Q16863733,48144
Q108551460,Q3319596,48149
Q16263505,Q5097982,48154
Q597404,Q409411,48159
Q162668,Q17949,48166
Q625429,Q211669,48189
Q227502,Q30,48195
Q113677740,Q2623912,48205
Q7805276,Q1523025,48215
Q836708,Q2623912,48217
Q527905,Q5097982,48229
Q7404297,Q419342,48270
Q83980,Q2623912,48277
Q527905,Q545872,48328
Q1538499,Q1810735,48352
Q180268,Q2623912,48357
Q201687,Q65091783,48388
Q85797355,Q23397,48397
Q191081,Q6534968,48400
Q824,Q247118,48405
Q108735969,Q65068949,48410
Q23397,Q6534968,48422
Q116148291,Q845224,48439
Q417592,Q7247905,48482
Q191089,Q1091190,48494
Q17014551,Q36794,48496
Q477588,Q868291,48497
Q210064,Q2623912,48513
Q1189351,Q2623912,48554
Q161701,Q5097982,48563
Q480291,Q3097447,48576
Q1156329,Q7247905,48580
Q58185346,Q2630687,48584
Q142021,Q692489,48596
Q7551400,Q2623912,48636
Q338050,Q193894,48640
Q6916824,Q2623912,48648
Q96392636,Q968112,48665
Q812056,Q12630,48676
Q397963,Q60790715,48711
Q720201,Q459057,48713
Q1210094,Q1810735,48718
Q58185346,Q10928179,48736
Q156562,Q401440,48737
Q10928179,Q2623912,48773
Q12128,Q382646,48776
Q188628,Q7180803,48808
Q1397560,Q7598303,48811
Q7231059,Q107394799,48830
Q1240091,Q408716,48836
Q11292,Q7302587,48856
Q680909,Q229280,48867
Q15990626,Q1091190,48877
Q1321,Q2623912,48881
Q22656,Q40858,48962
Q12132,Q1365153,48970
Q317441,Q1415,48982
Q817393,Q11268,48984
Q85776563,Q527905,48999
Q18922759,Q6509303,49000
Q2145107,Q131502,49002
Q818,Q6534968,49053
Q797239,Q38456,49074
Q1326354,Q1455930,49091
Q127608,Q16863733,49099
Q32920353,Q16863733,49174
Q861974,Q2623912,49177
Q872924,Q194489,49178
Q219707,Q2623912,49185
Q864693,Q7759779,49221
Q26379870,Q5384215,49234
Q65068949,Q1515281,49236
Q3308934,Q2623912,49239
Q9597,Q101991,49244
Q2661943,Q6534968,49312
Q21196,Q16868692,49364
Q18189,Q2623912,49382
Q2630687,Q5647313,49396
Q18,Q2623912,49399
Q1643563,Q2623912,49400
Q84,Q30598114,49429
Q707859,Q40821,49430
Q3988718,Q193894,49472
Q818,Q142153,49495
Q2310379,Q1091190,49517
Q3661655,Q2586912,49519
Q499475,Q2623912,49523
Q105677219,Q169872,49591
Q164553,Q2623912,49602
Q215210,Q3808900,49605
Q1411287,Q8652,49621
Q5997751,Q1195410,49633
Q28153896,Q1603,49651
Q527905,Q7070469,49666
Q108551460,Q269365,49676
Q142292,Q2623912,49700
Q3500368,Q2623912,49703
Q11661,Q1066909,49707
Q5260774,Q2099541,49719
Q93189,Q272002,49776
Q929427,Q572931,49787
Q7313893,Q2630687,49788
Q6452502,Q7758608,49799
Q85758606,Q2623912,49827
Q915196,Q1091190,49832
Q650812,Q5509678,49839
Q18189,Q3808900,49849
Q5141526,Q399968,49853
Q904923,Q17003752,49879
Q749287,Q2576280,49880
Q2249676,Q2193887,49890
Q105972808,Q5097982,49918
Q362,Q2623912,49922
Q7169494,Q2166512,49951
Q21998199,Q23768,49962
Q7820876,Q16863733,49963
Q225197,Q2630687,49966
Q188628,Q174876,49974
Q161701,Q2575340,49992
Q2073057,Q14075,50009
Q1206896,Q1195410,50010
Q3072837,Q2623912,50023
Q1400881,Q932586,50043
Q8460097,Q2064047,50066
Q22063662,Q2630687,50068
Q771296,Q4642426,50073
Q4006581,Q4530482,50118
Q400674,Q229280,50124
Q345740,Q824,50152
Q339939,Q13415025,50172
Q233617,Q1466495,50179
Q6770871,Q2623912,50181
Q9199,Q427725,50182
Q111945786,Q15,50206
Q341021,Q30,50208
Q105972808,Q2623912,50217
Q466,Q2623912,50219
Q65068949,Q2445751,50224
Q927708,Q2623912,50233
Q4698924,Q2623912,50245
Q108144643,Q419342,50248
Q287198,Q2623912,50266
Q17027869,Q229280,50296
Q7193203,Q2623912,50318
Q1269144,Q180538,50329
Q5,Q161701,50349
Q4577,Q234097,50441
Q424976,Q5097982,50444
Q65117495,Q2035701,50447
Q234252,Q5097982,50450
Q58185346,Q2992652,50477
Q1179121,Q11995,50485
Q30939513,Q113677740,50547
Q28153896,Q2623912,50552
Q362,Q1195410,50553
Q411093,Q16863733,50565
Q354334,Q7169494,50567
Q7950,Q6534968,50586
Q9158,Q3962191,50591
Q3153794,Q2623912,50617
Q85797355,Q227502,50637
Q1479995,Q560146,50646
Q288671,Q1810735,50660
Q7212330,Q259516,50674
Q134130,Q396289,50701
Q108144643,Q1415,50713
Q189533,Q523700,50722
Q28153896,Q300968,50727
Q628708,Q2630687,50728
Q83207,Q2623912,50730
Q20077126,Q1962297,50736
Q1395034,Q2623912,50743
Q105972808,Q3808900,50758
Q7617847,Q7272880,50760
Q255983,Q1810735,50773
Q140053,Q2623912,50806
Q83058,Q1220225,50844
Q209572,Q2623912,50891
Q22656,Q1195410,50893
Q13567923,Q2623912,50903
Q6887084,Q2623912,50935
Q157171,Q1210094,50952
Q402081,Q364473,50962
Q626981,Q2623912,50965
Q1487317,Q201959,50980
Q7933228,Q1355327,50988
Q5757701,Q2623912,50993
Q689044,Q2630687,50995
Q523700,Q5097982,51022
Q2624848,Q1195410,51056
Q62575111,Q5668175,51062
Q189533,Q21282855,51065
Q20962709,Q7315762,51083
Q10850,Q36949842,51084
Q5083,Q62,51087
Q238536,Q5468154,51100
Q129129,Q331954,51109
Q4834498,Q3962191,51113
Q2629686,Q2623912,51131
Q739398,Q6478447,51135
Q109945066,Q142153,51150
Q1060310,Q172367,51161
Q7156718,Q614289,51187
Q16240759,Q2623912,51195
Q432556,Q1050166,51196
Q76470,Q1195410,51197
Q849361,Q1439,51215
Q5520103,Q2623912,51229
Q1538499,Q7842519,51240
Q104969991,Q4045316,51244
Q1051594,Q1339409,51249
Q108144643,Q5183784,51261
Q83980,Q2623912,51272
Q956711,Q5097982,51283
Q221164,Q1195410,51300
Q35805,Q5097982,51330
Q12127664,Q2623912,51344
Q48282,Q301468,51356
Q82352,Q7257447,51360
Q525,Q115178805,51361
Q3216196,Q4829585,51373
Q1561771,Q142153,51392
Q217812,Q2623912,51400
Q17125199,Q11995,51402
Q1191659,Q2623912,51409
Q186020,Q3808900,51412
Q30,Q16254248,51439
Q5519127,Q27098513,51444
Q214733,Q2623912,51451
Q4642426,Q2630687,51484
Q1052767,Q2623912,51524
Q3847917,Q142153,51525
Q9739,Q2623912,51531
Q227502,Q1603,51540
Q144,Q366262,51662
Q48672611,Q367036,51671
Q4350816,Q1195410,51680
Q263160,Q6534968,51685
Q11661,Q17949,51704
Q339732,Q7598303,51714
Q6508642,Q85758606,51735
Q846668,Q65533608,51740
Q328835,Q2623912,51770
Q4013647,Q2511166,51788
Q398628,Q1460219,51797
Q225812,Q4356851,51813
Q69897,Q1195410,51831
Q7835440,Q109592077,51899
Q191081,Q2623912,51931
Q1051594,Q1415,51941
Q7260940,Q2623912,51947
Q10928179,Q85791135,51961
Q1068361,Q7315941,51986
Q1049334,Q6534968,51997
Q309179,Q331954,51999
Q1543307,Q2623912,52008
Q2343619,Q71197628,52030
Q1259009,Q16863733,52053
Q7129092,Q677466,52065
Q267298,Q2623912,52072
Q109945066,Q18351474,52073
Q220910,Q2623912,52097
Q7810075,Q2623912,52112
Q105972808,Q3808900,52135
Q1899632,Q150352,52145
Q1134348,Q16863733,52171
Q12606,Q2623912,52186
Q28153896,Q7423376,52190
Q48525,Q1397560,52196
Q11995,Q5097982,52215
Q231483,Q424976,52224
Q2310379,Q2623912,52226
Q15729215,Q2623912,52240
Q16240759,Q107969306,52247
Q16857188,Q7215843,52265
Q259937,Q2623912,52269
Q2575340,Q5097982,52284
Q7485058,Q1889114,52295
Q9739,Q2623912,52299
Q210503,Q913357,52337
Q4577,Q96407993,52339
Q110953177,Q2623912,52341
Q20962709,Q6534968,52353
Q30939513,Q1962297,52356
Q12131,Q7257447,52360
Q915196,Q2623912,52367
Q5500725,Q2900682,52370
Q30,Q237919,52385
Q30,Q6710031,52408
Q118417,Q525357,52424
Q315341,Q7247905,52469
Q16263505,Q5097982,52472
Q1640962,Q71197628,52507
Q7355870,Q1377575,52509
Q111950379,Q55613526,52535
Q189,Q201608,52562
Q40924,Q1195410,52599
Q188770,Q2623912,52617
Q189833,Q2623912,52665
Q538104,Q7215843,52695
Q650912,Q113536206,52702
Q1233264,Q157165,52705
Q458094,Q16863733,52729
Q1066,Q109229540,52768
Q5137681,Q65117495,52770
Q411482,Q169872,52774
Q48525,Q1397560,52790
Q527905,Q96,52804
Q7200288,Q101991,52806
Q96373707,Q5097982,52831
Q30,Q2623912,52869
Q297099,Q2623912,52875
Q48976586,Q2623912,52882
Q525,Q2623912,52891
Q56289917,Q2623912,52896
Q1539263,Q2623912,52917
Q616865,Q27881698,52932
Q812056,Q364473,52941
Q7979081,Q1226706,52956
Q6027402,Q193894,52971
Q58185346,Q1192568,52974
Q398628,Q189533,52983
Q16909270,Q2623912,52984
Q5038975,Q2595725,52989
Q2310379,Q2623912,52997
Q35547853,Q628656,53003
Q3244552,Q2145107,53011
Q213713,Q1195410,53020
Q10928179,Q85791135,53084
Q168002,Q193894,53093
Q618655,Q482618,53098
Q418977,Q3516688,53116
Q308439,Q1195410,53124
Q40858,Q482618,53128
Q28454519,Q2623912,53139
Q85753499,Q76299,53147
Q2624848,Q6534968,53157
Q411482,Q16857188,53164
Q48672611,Q16863733,53165
Q707128,Q15,53183
Q14625016,Q1728882,53205
Q44294,Q38423,53239
Q373057,Q499574,53277
Q933118,Q85797355,53292
Q1339409,Q46,53306
Q191081,Q1091190,53307
Q949973,Q108144643,53323
Q555084,Q822621,53331
Q225197,Q2623912,53382
Q1273948,Q1810735,53386
Q1221,Q4829585,53389
Q16874683,Q1779616,53392
Q29539,Q908833,53399
Q413612,Q7492537,53419
Q1391,Q142153,53440
Q69897,Q1195410,53491
Q7900189,Q2623912,53492
Q165290,Q908833,53498
Q75,Q2169973,53506
Q9687,Q401440,53513
Q296993,Q48674677,53520
Q96401027,Q110749091,53537
Q108551460,Q16863733,53550
Q945434,Q1195410,53555
Q3736133,Q4093,53564
Q227502,Q74304,53575
Q7548363,Q301468,53621
Q7978194,Q837710,53645
Q170201,Q5097982,53653
Q6753080,Q16863733,53681
Q1702547,Q482618,53703
Q184785,Q16275014,53727
Q115686881,Q4577,53729
Q110632155,Q59484760,53754
Q22063662,Q5174734,53776
Q1643563,Q16,53780
Q30603595,Q3003209,53796
Q320173,Q1195410,53800
Q261327,Q6027402,53805
Q16768157,Q343493,53809
Q20026887,Q2623912,53815
Q542276,Q104969991,53821
Q20962709,Q908833,53836
Q28153896,Q194489,53844
Q75,Q14075,53849
Q233255,Q2623912,53864
Q10859,Q2623912,53912
Q370883,Q1706523,53915
Q115178805,Q410042,53920
Q5509678,Q7309526,53923
Q864693,Q2623912,53970
Q6473911,Q11995,53971
Q111950379,Q169872,53985
Q333465,Q7315941,53986
Q108558949,Q2623912,53987
Q156354,Q2623912,53992
Q5183784,Q7314800,53996
Q1539263,Q1473046,54027
Q1295201,Q36424,54034
Q23558,Q108551460,54035
Q66096,Q7890324,54058
Q5260096,Q6710031,54078
Q15874788,Q1195410,54088
Q37038,Q2623912,54095
Q1149626,Q277773,54113
Q11829360,Q1542839,54119
Q299835,Q2623912,54138
Q7706791,Q2623912,54168
Q409411,Q16882004,54170
Q5132490,Q2623912,54179
Q1411287,Q2623912,54181
Q1417728,Q7247905,54183
Q15752765,Q22063662,54193
Q7933601,Q11995,54197
Q364473,Q645446,54203
Q105972808,Q5097982,54243
Q1094,Q686980,54247
Q219707,Q4642426,54275
Q1374831,Q2623912,54283
Q7365431,Q142153,54285
Q56477048,Q509122,54302
Q4751892,Q2623912,54306
Q1311913,Q189533,54333
Q264647,Q30,54396
Q11701,Q3933280,54403
Q143623,Q43656,54405
Q127608,Q75040,54446
Q115155433,Q5097982,54453
Q10928179,Q831637,54469
Q234252,Q85786313,54480
Q159614,Q48699687,54502
Q4173909,Q259516,54503
Q2310379,Q7334999,54504
Q48525,Q111945786,54548
Q172941,Q5097982,54563
Q4796158,Q6509303,54570
Q198,Q58185346,54580
Q193583,Q16863733,54583
Q14080,Q2623912,54609
Q211709,Q5097982,54618
Q261,Q16863733,54640
Q5141526,Q2623912,54660
Q402081,Q1509,54666
Q876776,Q7335383,54684
Q115802809,Q1071027,54690
Q6500369,Q5433320,54719
Q669480,Q1195410,54725
Q20683942,Q16863733,54730
Q49297,Q142153,54738
Q158033,Q1210094,54740
Q1971007,Q16863733,54743
Q1539263,Q96405779,54760
Q5389,Q140185,54773
Q255983,Q2630687,54798
Q331954,Q5097982,54806
Q28153896,Q1861,54814
Q11436,Q2623912,54827
Q43015,Q6972672,54865
Q442470,Q2623912,54871
Q13426746,Q2623912,54883
Q695318,Q537098,54889
Q618655,Q2623912,54895
Q1374831,Q2623912,54904
Q295460,Q2623912,54913
Q11401,Q2623912,54915
Q80083,Q16863733,54916
Q449268,Q193781,54925
Q319882,Q1195410,54942
Q219848,Q217570,54971
Q228391,Q231486,54985
Q1074328,Q908833,54992
Q195800,Q359495,55015
Q10535,Q16685058,55019
Q7365431,Q104858363,55030
Q411482,Q496812,55035
Q53640989,Q101991,55041
Q4682520,Q1532341,55064
Q409411,Q189533,55086
Q107434,Q7315941,55096
Q17126303,Q36424,55113
Q5246046,Q16863733,55114
Q2936297,Q5031996,55117
Q424976,Q36424,55137
Q6898055,Q577754,55147
Q442470,Q359495,55174
Q396289,Q2623912,55186
Q1710971,Q16863733,55206
Q182688,Q908833,55254
Q527905,Q17027869,55279
Q73411727,Q1036,55302
Q295117,Q1509,55311
Q39220,Q2699825,55315
Q538259,Q142153,55341
Q1210094,Q2630687,55344
Q865968,Q3808900,55373
Q36747,Q7302587,55380
Q6465,Q189125,55384
Q142021,Q142153,55399
Q5893936,Q157853,55406
Q7271539,Q1339409,55409
Q157171,Q7247905,55431
Q161393,Q1353540,55462
Q7681712,Q5097982,55465
Q105985,Q7441656,55491
Q93191,Q2623912,55508
Q555084,Q2623912,55513
Q109945066,Q74304,55515
Q108887370,Q5097982,55535
Q30,Q1787082,55549
Q260521,Q2623912,55556
Q7889635,Q171899,55567
Q184784,Q16863733,55572
Q5389,Q2623912,55582
Q3988718,Q5097982,55615
Q109945066,Q2623912,55623
Q3278247,Q2623912,55627
Q16864543,Q1337087,55658
Q542276,Q16685058,55671
Q343871,Q161701,55678
Q114152659,Q934294,55690
Q1225455,Q96407993,55691
Q700875,Q2630687,55709
Q403011,Q1962297,55731
Q14497179,Q2630687,55759
Q467752,Q2623912,55770
Q1746581,Q239757,55786
Q190,Q198,55805
Q7161336,Q142153,55812
Q5504092,Q291174,55815
Q108732,Q825875,55822
Q3521248,Q3454706,55838
Q191081,Q757499,55856
Q173285,Q2623912,55859
Q65117495,Q895848,55866
Q362547,Q424293,55877
Q22349704,Q16863733,55879
Q175111,Q910768,55880
Q177626,Q30,55883
Q724771,Q6534968,55889
Q3241625,Q2623912,55896
Q2296401,Q1332343,55899
Q15816471,Q6534968,55900
Q11442,Q2623912,55907
Q917540,Q6927281,55913
Q357458,Q1091190,55917
Q1173555,Q3537974,55935
Q23558,Q444353,55939
Q2372780,Q5174734,55957
Q394805,Q7247905,55973
Q39357,Q7404297,56009
Q104857390,Q7148041,56020
Q188628,Q3429919,56025
Q225856,Q2623912,56044
Q402081,Q2662726,56079
Q790812,Q74304,56085
Q1339409,Q108144643,56092
Q465952,Q16863733,56097
Q6028820,Q403255,56101
Q238536,Q140686,56109
Q5881856,Q365738,56110
Q36794,Q1195410,56122
Q1685145,Q4829585,56123
Q496302,Q1195410,56142
Q185675,Q544,56143
Q240081,Q2225197,56149
Q9217,Q2623912,56178
Q688317,Q2623912,56195
Q879641,Q7247905,56213
Q771296,Q2623912,56225
Q293603,Q428,56231
Q3100071,Q2623912,56259
Q9112672,Q159762,56265
Q185525,Q10928179,56272
Q356707,Q247118,56277
Q297279,Q565176,56325
Q16189636,Q2623912,56380
Q649186,Q2623912,56387
Q265896,Q30,56394
Q168763,Q101991,56395
Q852100,Q5097982,56454
Q157171,Q2630687,56460
Q19873747,Q2623912,56517
Q705450,Q48525,56521
Q542276,Q428363,56536
Q5435845,Q13373,56577
Q412284,Q259516,56586
Q724771,Q5097982,56597
Q4456888,Q96407993,56609
Q12192,Q5097982,56614
Q111945786,Q245353,56635
Q70725931,Q16863733,56645
Q2085376,Q179399,56658
Q161701,Q5097982,56659
Q1051594,Q2,56661
Q7918525,Q749939,56663
Q13113874,Q968907,56687
Q3069151,Q2622030,56688
Q186290,Q105675280,56691
Q949616,Q2630687,56700
Q40821,Q5097982,56725
Q587409,Q2623912,56748
Q291046,Q3933280,56800
Q48525,Q5500224,56820
Q3409626,Q5097982,56826
Q108735969,Q527905,56839
Q11829360,Q193894,56852
Q4791298,Q7404297,56867
Q1486497,Q18822,56895
Q6503924,Q177911,56906
Q10928179,Q85791135,56917
Q626981,Q44,56923
Q720179,Q227502,56928
Q1072278,Q2623912,56931
Q1418,Q7334999,56949
Q5183784,Q10928179,56973
Q629029,Q259516,56996
Q523494,Q482618,57051
Q628519,Q16863733,57052
Q191081,Q1195410,57060
Q864693,Q2623912,57093
Q958359,Q416447,57103
Q173514,Q2623912,57116
Q18189,Q1621070,57150
Q877054,Q1220225,57151
Q6548,Q5097982,57182
Q16857188,Q155098,57184
Q16768157,Q3808900,57195
Q1852647,Q1704704,57227
Q366262,Q2623912,57231
Q652653,Q73544,57237
Q1295678,Q2623912,57242
Q250216,Q11995,57251
Q23198657,Q1634555,57275
Q402820,Q4577,57287
Q22063662,Q977650,57292
Q343644,Q3504641,57304
Q338050,Q193894,57308
Q111945786,Q3501160,57348
Q577,Q11995,57367
Q111937346,Q2623912,57464
Q7403548,Q353767,57478
Q7978194,Q741507,57494
Q987767,Q2623912,57517
Q109945066,Q1297,57528
Q344049,Q6140833,57572
Q5628063,Q2630687,57577
Q6140833,Q3317402,57590
Q7805501,Q2623912,57599
Q1211272,Q1321,57610
Q631931,Q2623912,57614
Q16857188,Q652122,57615
Q837710,Q2623912,57642
Q6753080,Q2623912,57649
Q83864,Q245353,57659
Q113677740,Q6534968,57667
Q403784,Q500,57733
Q49297,Q245353,57734
Q113677740,Q680909,57757
Q97613923,Q727,57770
Q85767297,Q202883,57772
Q85797355,Q6351314,57826
Q1753581,Q1940772,57848
Q191081,Q220888,57859
Q101242941,Q155098,57866
Q2510714,Q2630687,57891
Q191081,Q142153,57894
Q162235,Q107135191,57909
Q4013647,Q101991,57937
Q85799996,Q80336,57948
Q10928179,Q2623912,57956
Q364473,Q512599,57980
Q13567935,Q5097982,57994
Q104450437,Q4986484,58023
Q133076,Q11995,58032
Q20962709,Q832560,58033
Q641208,Q5178770,58057
Q15621274,Q6534968,58084
Q7973336,Q16863733,58095
Q16874683,Q626981,58103
Q10318855,Q3409626,58109
Q1913301,Q169357,58112
Q113536206,Q2623912,58166
Q680909,Q2623912,58192
Q276308,Q7302587,58204
Q369747,Q1704704,58210
Q11701,Q259516,58226
Q16968063,Q908833,58242
Q1374831,Q1810735,58250
Q361,Q341021,58284
Q683563,Q4642426,58298
Q108144643,Q2630687,58314
Q107639374,Q28153896,58348
Q568285,Q2623912,58350
Q14240380,Q2623912,58369
Q157230,Q184315,58376
Q6473564,Q75687,58382
Q1295678,Q1415,58421
Q394575,Q1649,58424
Q30,Q2623912,58436
Q23558,Q23393,58451
Q10928179,Q85791135,58452
Q5,Q1337087,58460
Q623486,Q2623912,58473
Q5260774,Q2623912,58476
Q5183784,Q1538499,58510
Q268733,Q142153,58518
Q1166470,Q2623912,58546
Q93803581,Q2623912,58579
Q115686881,Q779439,58608
Q629029,Q259516,58623
Q398156,Q7247905,58630
Q838119,Q2623912,58669
Q231486,Q822445,58689
Q107639374,Q113677740,58695
Q18157148,Q2623912,58699
Q629029,Q7257447,58724
Q900457,Q101991,58729
Q451931,Q366262,58754
Q82352,Q142153,58769
Q962674,Q220910,58777
Q4917,Q5433101,58780
Q16768157,Q2623912,58788
Q5652181,Q142153,58808
Q96392636,Q2623912,58814
Q127076,Q37739,58823
Q2744736,Q259516,58826
Q623429,Q2623912,58860
Q133076,Q40821,58863
Q468565,Q2623912,58869
Q568,Q267298,58872
Q812056,Q466,58877
Q109945066,Q2623912,58883
Q255983,Q2630687,58894
Q7990114,Q2867077,58902
Q14651385,Q11733861,58906
Q22286317,Q2623912,58908
Q5628063,Q2623912,58958
Q110823471,Q5097982,58961
Q14651385,Q365850,58983
Q444195,Q4308,59003
Q419342,Q881,59027
Q7573112,Q2623912,59030
Q200383,Q16863733,59032
Q85797355,Q6534968,59056
Q6027402,Q7247905,59060
Q97359384,Q48525,59072
Q1297,Q2623912,59076
Q2308359,Q40924,59082
Q96377285,Q2623912,59086
Q1538499,Q1810735,59116
Q4792552,Q6027402,59127
Q669480,Q99,59130
Q28153896,Q53314,59143
Q346636,Q2623912,59147
Q65068949,Q4045316,59165
Q423828,Q2623912,59168
Q419342,Q99,59176
Q1049885,Q231478,59177
Q408826,Q2623912,59201
Q12739,Q227502,59208
Q8663,Q5468500,59210
Q18915112,Q19643,59222
Q10829509,Q2766,59244
Q146981,Q1195410,59260
Q26379870,Q3179029,59263
Q59498993,Q79765,59264
Q139347,Q194435,59276
Q3284355,Q2623912,59289
Q16881273,Q2623912,59304
Q201608,Q3277997,59328
Q39074575,Q2623912,59350
Q7250082,Q7247905,59358
Q400941,Q16863733,59379
Q65533608,Q2623912,59384
Q3153794,Q1374831,59389
Q144,Q7404297,59393
Q5741431,Q16863733,59396
Q20026887,Q2630687,59404
Q192517,Q2623912,59408
Q497976,Q1962297,59437
Q870337,Q16863733,59490
Q2310379,Q2623912,59491
Q2576280,Q30,59495
Q172563,Q101991,59497
Q16240759,Q107969306,59586
Q680158,Q2623912,59617
Q188770,Q2623912,59621
Q468565,Q7142812,59625
Q6851593,Q2623912,59641
Q7282741,Q104864702,59653
Q2279868,Q2623912,59665
Q5571843,Q1898121,59666
Q1374831,Q7485058,59672
Q6617748,Q6534968,59682
Q344059,Q2623912,59686
Q917069,Q11995,59692
Q538259,Q142153,59730
Q22063662,Q2630687,59734
Q2136371,Q1195410,59737
Q299182,Q11573,59754
Q11661,Q405996,59756
Q188770,Q2169973,59792
Q43410,Q922203,59814
Q8350378,Q2623912,59831
Q7272090,Q135621,59872
Q223642,Q2623912,59874
Q65117495,Q366262,59877
Q341289,Q2623912,59896
Q409411,Q181257,59910
Q4689888,Q157171,59958
Q58185346,Q7315941,59959
Q106311016,Q2623912,59998
